{"cameraMode":{"drawMode":0,"name":"Shaded","section":"Shading Mode"},"sceneLighting":false,"audioPlay":false,"sceneViewState":{"showFog":true,"showMaterialUpdate":false,"showSkybox":true,"showFlares":true,"showImageEffects":true,"showParticleSystems":true},"in2DMode":false,"pivot":{"x":-0.15926975011825562,"y":0.019823238253593446,"z":-0.004272549878805876},"rotation":{"x":0.6829717755317688,"y":0.1773490160703659,"z":-0.17650209367275239,"w":0.6862564086914063},"size":0.10678732395172119,"orthographic":false}