{"cameraMode":{"drawMode":0,"name":"Shaded","section":"Shading Mode"},"sceneLighting":false,"audioPlay":false,"sceneViewState":{"showFog":true,"showMaterialUpdate":false,"showSkybox":true,"showFlares":true,"showImageEffects":true,"showParticleSystems":true},"in2DMode":false,"pivot":{"x":0.05092885345220566,"y":0.02245911955833435,"z":0.010261386632919312},"rotation":{"x":0.41592931747436526,"y":-0.011460348032414914,"z":0.0052406820468604568,"w":0.9093127250671387},"size":0.2965792715549469,"orthographic":false}