{"cameraMode":{"drawMode":0,"name":"Shaded","section":"Shading Mode"},"sceneLighting":false,"audioPlay":false,"sceneViewState":{"showFog":true,"showMaterialUpdate":false,"showSkybox":true,"showFlares":true,"showImageEffects":true,"showParticleSystems":true},"in2DMode":false,"pivot":{"x":-0.013777689076960087,"y":0.10653488337993622,"z":-0.02579999901354313},"rotation":{"x":0.2010955959558487,"y":0.015574038960039616,"z":-0.003192383795976639,"w":0.9794539213180542},"size":0.016637278720736505,"orthographic":false}