{"cameraMode":{"drawMode":0,"name":"Shaded","section":"Shading Mode"},"sceneLighting":false,"audioPlay":false,"sceneViewState":{"showFog":true,"showMaterialUpdate":false,"showSkybox":true,"showFlares":true,"showImageEffects":true,"showParticleSystems":true},"in2DMode":false,"pivot":{"x":-0.09281876683235169,"y":-0.24920505285263062,"z":0.13825151324272157},"rotation":{"x":0.4488072395324707,"y":0.2529785633087158,"z":-0.13412465155124665,"w":0.8465182781219482},"size":0.3369985520839691,"orthographic":false}