{"cameraMode":{"drawMode":0,"name":"Shaded","section":"Shading Mode"},"sceneLighting":false,"audioPlay":false,"sceneViewState":{"showFog":true,"showMaterialUpdate":false,"showSkybox":true,"showFlares":true,"showImageEffects":true,"showParticleSystems":true},"in2DMode":false,"pivot":{"x":0.020650357007980348,"y":-0.13988257944583894,"z":0.333604633808136},"rotation":{"x":-0.26960763335227969,"y":0.2557990550994873,"z":-0.07455218583345413,"w":-0.9254041910171509},"size":0.5911968946456909,"orthographic":false}