{"cameraMode":{"drawMode":0,"name":"Shaded","section":"Shading Mode"},"sceneLighting":false,"audioPlay":false,"sceneViewState":{"showFog":true,"showMaterialUpdate":false,"showSkybox":true,"showFlares":true,"showImageEffects":true,"showParticleSystems":true},"in2DMode":false,"pivot":{"x":-0.1459163874387741,"y":0.0898166075348854,"z":-0.003932878375053406},"rotation":{"x":0.5102903246879578,"y":0.10471971333026886,"z":-0.06277245283126831,"w":0.8512932658195496},"size":0.3296380341053009,"orthographic":false}